Ethereum,61
Tezos,153
Blockchain,74
cryptocurrency,213
ripple,2
xrp,2
itcoin,1
tc,1
lockchain,1
ethereum,134
ICO,289
litecoin,1
tezos,180
kik,1
KIN,1
btc,30
bitcoin,253
crypto,46
blockchain,440
eth,16
ico,124
steem,82
monaco,1
encrypgen,1
eos,6
bat,1
tenX,1
suncontract,1
TEZOS,13
EdwardsPumps,1
Crypto,23
Bitcoin,78
TOA17,1
Jawbone,1
ETH,38
XTZ,5
BTC,18
BloodBath,1
fintech,80
finance,13
crowfunding,1
btcnews,1
Twitter,1
EOS,6
NEO,1
antshares,1
Qtum,1
Tauchain,2
cryptovalley,1
QTUM,1
Cosmos,1
BAT,2
Bancor,212
Status,4
TenX,2
ICOs,11
Fintech,7
Podcast,1
crowdfunding,12
Cryptocurrencies,5
Ether,3
Cryptocurrency,11
experiment,1
Investing,1
Tothemoon,1
status,8
spamos,1
ripoffos,1
CryptoFunding,1
tez0s,2
burnyourbtc,1
Pump,4
singularity,1
futurism,3
Bravery,1
supplychain,10
balajiballer,1
bancor,99
basicattentiontoken,2
startup,20
CRYPTO,1
startups,4
CryptoCurrency,3
medium,36
tezzies,5
bottom,1
crowdfund,23
funding,4
xtz,2
dealbox,1
ETHEREUM,7
Cyrptocurrency,1
Altcoins,4
Forex,1
Currenct,1
XRP,5
ETC,2
REC,1
STR,1
NXT,2
DASH,1
BITCOIN,3
BLOCKCHAIN,2
RIPPLE,1
DesafioSuperHumanos,1
parkour,1
Cafeteros,1
paisas,1
trading,6
speculating,5
Vox,1
Xvg,1
Dgb,1
Eth,5
Starta,1
strat,1
stratis,3
santiment,1
news,21
crowdfunded,1
myflower,1
CryptoWorld,1
StrongLeadership,1
Yn1,1
xOFYxTOXXZqA,1
digital,5
commonwealth,1
fundraiser,1
followthemoney,4
Ledger,1
CryptoTrading,12
fact,2
crowdfundinfg,1
tokensale,3
300Token,1
nextbigthing,1
scams,1
tezosico,4
altcoin,10
altcoins,4
News,13
ContraTheHerd,1
Steemit,4
cryptocurrencies,7
BitcoinIsTheFuture,1
rialto,1
473963,1
474022,1
cryptocu,1
crowdsale,25
hype,1
tz1,2
PUMP,1
smartcontracts,4
s,2
opreturn,1
justsaying,1
pump,1
crypro,1
AntShares,1
minimum,1
Business,3
Arthur,1
bitcoins,1
ThaDogeHouse,1
475622,1
Baseball,1
code,4
IC,1
VC,7
JOMO,1
ConspiracyTheory,1
bloc,1
futures,1
stackexchange,2
scam,7
dash,2
Zcash,1
c,1
Litecoin,2
foll,1
Slack,1
slackbot,1
Beyonc,4
TZ1,1
stee,1
token,24
xbt,1
segwit2x,2
chinesemob,1
ether,7
p69206,1
slack,2
fun,1
HuffingtonPost,1
Tezzies,1
Btc,1
cppethereum,1
SCAM,2
tez,1
contribution,3
p69099,1
XMR,1
Monero,1
Altcoin,10
Reddit,2
Betting,1
etherium,2
ste,3
regulation,1
uscitizens,1
prohibited,1
facts,1
CoinFundraiser,1
MaidSafe,1
Golem,1
excited,1
DLT,1
Web3,1
technology,8
angellist,1
Bitcache,1
Filecoin,64
SEC,4
FileCoin,39
Finance,4
1,7
balance,1
investors,2
venture,9
BCAP,1
Civic,2
CVC,1
filecoin,61
ValutaNews,1
Digital,1
Tech,7
Cloud,1
Data,1
AI,2
Amazons,1
Filecoins,1
disruption,1
retail,1
binance,1
stox,1
quantum,2
bitshares,1
sia,3
tenx,1
vibrate,1
tokencard,1
Future_Society,3
decentralization,2
49a64cc024dd,1
BCC,1
valuation,1
tokens,5
icos,2
web3,1
data,3
Funds,1
Funding,2
VentureCapital,2
ethereumclassic,2
Ripple,1
ipfs,4
aeternity,8
cosmos,1
salt,1
tierion,1
NewYork,1
NY,1
WorthReading,1
Storj,6
Cloudwith,1
clouds,1
Payments,1
SteveRichFXCorp,2
InvestSingh,1
futureofwork,1
Currency,1
Regulations,1
DApp,1
CuriosityKilledTheMatt,1
etc,1
hyperledger,2
Bee8Buzz,1
Siacoin,7
Crowdfunding,3
plasma,1
9,4
internet,1
IPFS,4
siacoin,6
Startup,4
tech,17
coin,1
Tokens,2
technews,3
policy,1
SIA,1
gadgets,2
robotics,1
aimigogo,1
aimiamos,1
fundraising,2
BlockChain,1
GCCHtoken,1
Investments,1
Storjcoin,1
sc,2
vision,1
BTCUSD,1
forex,1
fx,1
icomania,2
WSJ,1
bi,1
iota,1
bitfinex,1
usa,1
NotReadyToSayPyramid,1
Yet,1
thesciencemic,1
science,1
tecnolog,1
gamification,1
VCs,1
bubble,2
FOMO,1
TechNews,2
trending,2
OldNews,1
burgers,1
ShiftNrg,1
Shift,1
Dapp,1
Phantom,1
GUI,1
DigitalAsset,1
IOTA,1
Tierion,1
infosec,2
CyberSecurity,1
WakeUp,1
TokenSale,4
FridayFeeling,2
DataStorage,1
network,1
million,1
blockedblockchain,1
opencryptoinvesting,1
ProseObjects,1
TopStory,2
MobilePayments,2
coinlist,2
blockhain,1
storage,2
ProtocolLabs,1
Investors,1
Storage,1
entitled,1
fail,3
yottacube,1
FileInToTakeItFromConmen,1
taxes,1
funnymoney,1
entrepreneur,1
Greed,1
CoinDesk,1
Coin,1
madness,1
SiaCoin,1
Bitcoins,3
InitialCoinOfferings,1
MarketsNews,1
Subfeatured,1
free,1
TimBeta,1
OffTopic,1
ICOMADNESS,1
Coinlist,1
Balanc3,1
CoinList,2
futuretech,1
mining,2
webscraping,1
FundingsampExits,1
TC,2
Angellist,2
Programmer,1
Developer,1
richgetricher,1
storj,1
Datacoin,1
HODL,1
tulips,1
tokensales,1
Shopeo,1
TGE,1
Neufunds,1
ICOTransparencyMonitor,1
FileCoins,1
FundingsExits,1
Entrepreneur,1
Mergers,1
Token,15
bitcoinmovement,2
Protocol,4
Use,1
Case,1
Smart,2
BANCOR,6
Coinbase,1
Poloniex,1
EM,1
smartcontract,3
entirely,1
cryptoeconomics,1
allocation,1
platform,1
JurassicPark,1
wings,1
a170612p22,1
bnt,4
DDoS,1
BNT,14
cointelegraph,2
Gnosis,5
liqui,1
InitialCoinOffering,1
XBT,2
Scryptsy,1
BlockchainNews,1
smarttoken,1
decentralized,1
Markets,1
invest,3
SONM,1
internaltx,1
bancorproject,1
tothemoon,1
Rekt,1
theDAO,1
ERC20,1
farce,1
Tokencard,1
youscrewedthepooch,1
jk,1
liquidity,10
etf,1
TokenCard,1
Bittrex,1
biggestICO,1
Crazy,1
Liquidity,1
Record,1
MakingHistory,1
SmartTokens,4
blockchaincapital,1
bcap,1
Aragon,2
Matchpool,1
Edgeless,1
fuck,2
vitalikstyle,1
tokentxns,1
poloniex,2
ToTheMoon,1
Insanity,1
custom,2
MyEtherWallet,2
LikeABank,1
Bnt,1
FOMOLOL,1
EtherDelta,1
bnc,1
Etheruem,1
POC,1
payments,1
partner,1
ICOFail,1
investing,2
MYST,1
paymentsmarket,1
security,2
ERC20s,1
AsymmetricVolatilityCurve,1
markets,3
irony,1
myetherwallet,1
smarttokens,2
money,2
presale,1
WINGS,5
Marketing,1
killerapp,1
Jake,1
Peerplays,1
Opines,2
apptokens,7
Network,2
gas,1
communitycoin,1
hacked,3
280,2
fair,2
announces,1
alpha,3
communities,2
SmartToken,2
ProductHunt,1
bircoin,1
LTC,2
Bloc,1
hacking,1
Economics,1
bancorico,1
Euro,1
Monaco,1
NVO,1
SKYCOIN,1
Zrcoin,1
user,1
2,3
smart,1
hackathon,1
Adchain,1
gnosis,1
Starbase,1
bancodecordoba,1
EFECTIVO,1
Selecciones,1
iconomi,9
future,2
lisk,2
steemit,2
SmartContracts,2
msg16025600,1
crowdfinance,3
bounties,3
digitalnaekonomina,1
kriptoskladi,1
showtime,1
FutureInvestments,1
investment,10
Iconomi,1
found,2
blockcgain,1
iconominet,1
Exscudo,103
exscudo,31
tour,1
ICOexsc,188
World,1
StockMarket,1
EON,18
EXSCUDO,26
Bounty,1
BITCOINPLUS,1
ICOesxcd,1
icoexsc,45
iCOexsc,2
worldwide,1
bounty,4
BitcoinNews,1
icoexc,1
Helpdesk,1
feminism,1
fintechnews,1
ICOexc,1
Bitcoinist,1
Github,3
song,2
eon,1
bitcoinnews,1
Press_Release,1
GIT,1
GitHub,1
investorseurope,6
Bitzco,1
ex_scudo,2
Eoncoin,1
Eon,4
EONCOIN,2
PWC,1
p61293,1
blockc,1
post,1
blokchain,1
AMA,1
cryptoico,2
app,1
mobile,2
cloud,2
share,1
DecentralizedControl,1
treecgames,1
block,2
StartUpRealTime,1
CryptoPressNews,1
anton1912d,1
1060,4
1080,4
1085,8
1072,8
1089,4
1086,4
1074,4
1103,4
1069,4
bitmonster,1
Read,1
New,1
Update,1
EvaMaryom,1
JiveLocal,1
chekarda,1
Lulu_Suri_Lest,1
traders,1
financial,1
Vimeo,1
netersanjar,1
blockchai,1
Kamayulka78,1
JAJANGABDULHAL2,1
andhika_ali05,1
Vindyne8,2
msg152935,1
tutorial,9
BTC_Xeno,1
KCN,5
HUGE,2
Channels,12
fintechna,1
msg152438,1
ad,2
cryptocur,1
BigDeal,1
JustDoIt,1
TrumpTaxReturn,1
finances,1
icoexcs,1
WakhidNkcom,2
51asic,1
Crowdfund,1
planetbitco,1
JambiPunya,1
FreeBitcoins,1
goudportal,1
freemoney,1
marketupdate,1
middelkoop,1
jerrison42k4,1
XBC,2
BitcoinPlus,2
blockchian,1
han_tulas,1
blockcha,1
bianca_adindaza,1
EncryptoTel,1
syscoin,1
ICOMULU,1
riomario075,1
crypt,1
njanc_13,1
stuck_james,1
Android,2
BitNetWorth,1
bonus,1
channels,1
h2002al,1
Crowdsale,1
notmanswordbutGodsword,1
TrumpRussiaAssad,1
Quotes,3
hearties,1
InChrist,1
osho,2
books,2
ebooks,2
AmazonLikes,1
sk8,1
skate4fun,1
beauty,3
SenseWrds,1
WigWednesday,1
Missionary,1
NowPlaying,27
faith,8
hope,3
love,9
11mm,3
IEvighet,1
5,8
02,1
PARANORMAL,2
ROMANCE,2
ASMSG,2
Kindle,1
Amazon,1
shame,1
adani,2
savethereef,1
WikiBlackMetal,1
crazy4fiction,1
romance,5
Christfic,2
Fantasy,3
IndieBooksBeSeen,1
IARTG,1
HevonGifParty,7
YR,6
MightyGod,1
HeLovesMe,1
motd,1
arsenal,1
himuro,1
kindle,5
WeddingWednesday,2
WeddingBand,2
GettinHitched,1
eternity,18
children,1
satisfaction,1
happy,2
talent,1
success,3
Horror,2
Romance,2
GameInsight,1
iPadGames,1
iPad,1
noothername,1
inspyromance,2
weekend,2
reading,1
LossLit,1
LFC,2
afc,1
Pepsi,1
FreedomForRosie,1
pssm,1
TKA20,5
HF,4
YA,5
5yearswithoutOTH,1
ihopeso,1
FrankSinatra,1
GooglePlay,1
MAGA,4
FridayReads,1
tbr,1
SableSwanV,1
GreatMindsThinkAlike,1
NoGreatMindsThinkForThemselves,1
Gladiator,4
DARKFANTASY,1
BOOKSPECIALS,1
Eternity,4
etsy,6
fashion,17
handmade,5
crafts,1
Autism,1
greatbooks,1
Smashwords,1
flashman,1
BlockchainOscar,1
Blockshow,1
SoundCloud,10
islamujeres,1
coupelgoals,1
weedingday,1
ALDUB90thWeeksary,3
happyfirstcontactday,1
superhumanspeed,1
Photography,3
PhotoBlog,3
Photo,3
TravelBoldly,3
Colorado,3
ETERNITY,2
alineinthewater,1
Adpit,1
A,1
WF,1
KindleFire,1
solution,1
RT,4
peace,4
war,2
Aquamarine,1
engagementring,2
ricardobasta,1
kidpit,3
ya,2
consciousness,4
enlightenment,4
spirituality,4
wcw,1
myforeverboy,1
wishyouwerehere,1
AdPit,3
NA,3
lovestory,1
friendship,1
relationship,1
EasteratCF,2
morelife,1
NationalWalkingDay,2
Platinum,3
1lineWed,1
romancenovels,1
Christian,3
WakeUpMrSunshine,1
drama,1
cleanread,1
LivingByTheAnswer,1
God,5
Shazam,1
amwriting,1
poem,1
roadtrip,1
0,9
praiseGod,3
BlackSails,3
Repost,2
book,2
RHOGIC,1
WordAndWorship,1
nowplaying,12
timewalk,1
cd,1
bbnaija,1
efempire,1
istandwithhim,1
teamefe,1
TeamEfe,1
np,8
Christ,2
Jesus,5
Word,1
shortfilms,1
Syria,2
bridal,2
engagement,1
rings,1
dating,1
novels,2
novel,1
actionslouderthanworda,1
feelings,1
emotions,1
LoveMore,1
Gemstones,1
Wedding,6
quote,9
Flowers,1
TheMasters,1
pig,1
ShopeePH,2
hf,1
RevPit,1
AskEditor,2
revpit,1
Indoctrination,1
amreading,1
readit,1
wonderful,1
cleanreads,1
sale,1
offer,1
truth,1
KingOfPop,1
MJ,1
NoSecurity,1
BBKafrica,1
Mastini,2
Ring,3
worththewait,1
purity,1
inspiring,1
BeautyAndTheBeast,2
yeg,1
inspiration,2
instagood,1
28,2
sinful,1
christians,1
condemned,1
OnTyranny,1
HAPPYKENDAY,1
Gospel,1
Faith,1
goodbooks,1
Philosophy,1
Tennis,1
PNR,1
GH17,1
frustrations,1
slow,1
annoying,1
annoyance,1
HORRORWOODENDING,1
we,1
GotWorshipWednesday,1
Aeternity,3
Listen,1
InAp,1
Lovebooksgroup,1
BEstrong,1
Help,1
Heart,1
pillarsofeternity,1
boxing,2
WardKovalev2,1
DTBYSurprise,3
ALDUBxCOLDPLAYManiLa,1
DTBYSinagAndTrish,1
Sing,1
VIXX,1
ian1,1
F,1
ALDUBxDTBYSabotahe,2
WednesdayWisdom,2
LessValuesMoreDegrees,2
mountains,1
NCCBuilders,1
AsscherCut,1
DiamondPainting,1
ReenaAhluwalia,1
blind,1
lost,3
dead,1
wrong,2
path,2
Valladolid,1
VLL,1
VallAgenda,1
pardonkrissaucier,1
RainbowMoonstone,1
Handmade,6
NorthCoastCottage,1
Jewelry,8
Design,1
shopping,2
gift,7
poetryXHS,1
SDX,1
beholdthelamb,1
auliasekarc,1
hard,1
heart,2
death,3
craftsmanship,2
mit,2
etherum,2
ThanksPepsi,1
Truth,2
TheGreatCommission,1
getwrecked,1
modulo3grupo3,1
Inspire,1
Success,2
sm15690319,1
catholic,1
memories,1
Luxury,1
Devil,2
Ancient,1
hearts,1
foundation,1
Promise,1
tombofmatsu,1
fragrance,1
resurrection,1
mema,1
goals,2
QuoteOfTheDay,1
3,3
drwho,1
doctorwho,1
hysteria,2
freud,1
dali,1
sydney,1
theatre,1
Tozer,1
Bible,1
Quote,2
Gucci,2
FW17,1
haute,1
thirdparty,1
naturelovers,1
breast,1
enhancement,1
cream,1
AlAssad,1
HappyLiving,1
ISpeakLife,1
RLDD,1
review,1
weddings,1
brides,1
editing,1
fml,1
susanrice,1
HealthyLiving,1
heartattack,1
Yoga,1
MKR,1
SyriaChemicalAttack,1
mahalle,1
bugragulsoy,1
serhatteoman,1
UnGoro,1
TheResurrection,1
TheMasterPlan,1
Brew2017,1
RIP,1
diamondlife,1
KC,4
TEACHER,1
GRATITUDE,1
aloevera,1
Stillholy,2
G,1
ListenToThis,1
Blind,1
Metal,1
Work,2
FacetoFace,1
sharingeconomy,1
fatal,1
traps,1
idolatry,1
Beautiful,1
NimbleQuotes,1
see,1
Gold,4
narrow,1
way,1
by,1
few,1
eternal,1
life,1
4,7
makeup,1
skincare,1
IEI,2
IdhuEppadiIrukku,2
Fame,2
Dialogue,2
gamersunite,1
gamerforum,1
AE,1
fotoperiodismo,1
SyriaGasAttack,1
TalesNoir,1
qldpol,1
scumbags,1
nocoal,1
VocaBot,1
DublinBus,1
GOD,3
ZEN,1
burntmouth,1
OUCH,1
Rings,3
WhiteGold,1
LetsGoPadres,1
Retweet,1
Faithdaily,1
ListeningPrayer,1
prayer,1
Wattpad,1
Etsy,11
EternityRing,1
Sethusamudram,1
sterlingsilver,3
sistergift,1
handmadejewelry,1
tired,1
Hymn,1
jesuschrist,1
Godlovesme,1
Rains,1
dreamscancometrue,1
beware,1
LSSC,1
phenomenal,1
Wrestlemania,1
ragtime,1
piano,1
music,3
angelpoem,1
aws,1
KATAKU,1
You,1
BudgetMovies,1
stillness,1
barbara,1
budgetmovies,1
LLLifeline,1
YYCMidnapore,1
KIMOJIMERCH,1
youtube,1
parenthood,1
fear,1
SowfullOfChrist,1
dreams,1
205Live,1
ListenLoveRepeat,1
goodreads,1
giveaway,16
NHL,1
FAQ,1
aetrnty,1
13ReasonsWhy,1
comeonsummer,1
SDLiveAfterMania,1
russellmcdougal,1
neon,1
thebass,1
artwork,1
unavailable,1
videogames,2
gaming,1
GodsLoveChats,2
endurance,1
3dprintable,1
3dprinting,3
3dprinter,1
3dprint,1
3dp,1
JointheYosefClub,1
Outcomes17,1
SusanRiceUnmasked,1
GoodLuck,1
LegendsOfTomorrow,1
facebook,1
SyrianRegime,1
RussianForces,1
SterlingSilver,2
art,1
ring,1
jewelry,8
weddingampengagement,1
design,2
painting,1
yellowdiamond,1
UX,1
travelinsurance,1
BillOreilly,1
FoxNews,1
GrabYourWallet,1
NeverGonnaBeTheSame,1
Demidoll,1
JesusKnows,1
Homebrew,1
birthstone,1
diamond,1
ergoActive,1
THE,1
dreamstone,1
engaged,1
gratitude,1
727TourMNL,1
games,1
thetravellingbanana,1
thebananadiaries,1
CountryMusic,1
Silver,3
bracelet,4
outfits,1
becoming,1
theresmoretoday,1
lookup,1
msg144998,1
Persona5,1
BeautizmLove,1
holyplace,1
InknBean,1
Ya,1
fantasy,1
HappilyEverAfter,1
bridesmaid,1
SisterJewelrySet,1
PUSB,1
Battletested,1
HappyBirthdayHeathLedger,1
thanksobama,1
cherryblossom,1
haiku,1
Decrease,1
Kpooper,1
kdrama,1
Love,1
Light,1
ToRE,1
diewithyou,2
pamalasboutique,1
newarriv,1
MakeASongOrFilmHairy,4
Gaza,1
bitcointalk,1
writing,1
research,1
Project365,1
quotes,3
idgt,1
dichotomy,1
retwt,1
Crochet,1
Scarf,1
InfinityCowl,1
Pinks,1
Purple,1
mustread,1
paranormal,1
motivation,1
HealABrokenHeartBy,1
gladiator,2
movies,1
quotesoftheday,1
filmquotes,1
publichealth,1
NPHW,1
TeamEmmmmsie,1
SupportSmallStreamers,1
homebuilder,1
GodlyTweets,1
selection,1
payitforward,1
southerncharm,2
YouHaveToBeHereToSeeThisPowerfulProduction,1
ecommerce,1
thewalkingdead,1
WeddingHairAccessories,1
WeddingHair,1
Choker,4
Iditarod,2
OpIditarod,3
DenimDay,1
MOD,2
Medallion,2
Necklace,4
chain,7
auction,2
10,2
Home,1
Kitchen,1
IngredientMarketplace,1
etsystore,4
BLACKOUT7,2
Trending,2
shopmycloset,5
photo,1
26,1
ShalomJewelry,2
ReligiousDogTag,1
PurpleMuseumCreations,1
408Creates,1
fashionblogger,4
whatiwantmost,4
boutique,4
gucci,3
handbags,3
forsale,5
FL,2
USA,11
CAREER,5
PALM,1
JOB,12
cannabinoids,1
VINTAGEJEWELRY,1
PowerOfPositiveSummit,2
757576,3
fursonadrinkmeme,1
Chlo,1
BBMAs,1
scor,2
Thanks,1
IUU,1
napavalley,1
eBid,1
birthday,1
jewellry,1
gadget,1
bikersofinstagram,1
MarioMassillamany,2
TheLastJedi,3
jobs,9
Seattle,2
fox5dc,1
win,3
Fishbowlprizes,2
GADGET,2
keychain,2
etsymntt,1
BeHumble,1
SitDown,1
IstaraFM,1
amazon,1
houston,1
texas,1
DogsShotByCops,1
RFID,1
spdc,1
SaleylaSuit,1
IBM,1
PotCoin,5
POT,5
PotBot,5
preppertalk,1
shtf,1
offgrid,1
bar,1
tomorrowspaperstoday,1
bet,1
spsteam,1
arrowhead,1
necklace,6
accessories,1
CHANEL,2
iron,1
CA,2
ORANGE,1
LA,1
jewellery,3
jetspizza,1
AlwaysLearning,1
Green,1
Teardrop,1
DoctorWho,3
EBAY,2
brazil,2
FlamesOfWar,2
copyleft,1
video,3
estreno,1
TheJesusAndMaryChain,2
7mm,1
StarWars,2
LuckyLearnedLaws,1
San,1
Francisco,1
NewsMatters,1
Vintage,6
SLVjewelry,1
venlo,1
vacature,5
banen,1
Parmex,1
Couture,2
Season,1
destiny,1
WinstonChurchill,1
pendant,3
PD,1
Chain,11
PunkRock,1
iusoftball,1
MOheroes,1
veterans,1
SWMOjobs,1
MOjobs,1
eshopsUK,1
groundhogdaybway,1
CrusaderKings2,1
Unbranded,11
FateOfTheFurious,1
Pendants,1
762616,2
crucifix,1
beautiful,1
Reading,1
Rdg,1
rdguk,1
coffee,1
poison,1
theempire,1
Theoracle,1
babyswagg,1
SupplyChain,5
SCM,2
CO,1
AURORA,1
JOBS,1
marketing,1
discoverlife,1
help,1
believer,1
newchristianmusicradio,1
itsinHishands,1
Frontwoman,1
Boho,1
photography,1
chicago,1
portrait,1
model,1
innovation,1
BallouCo,1
burn,1
FirstWorldProblems,1
getbetterinsultsshep,1
Productivity,1
foodwaste,1
vintage,5
vintagejewelry,1
20170414060003,1
CALDERONDESIGNERHANDMAD,1
collectables,1
eBayUK,1
Jesusandmarychain,1
booknerd,1
endrustshaming,1
teamchampion,1
trainlikeachampion,1
champion,1
strength,1
WWE,1
Diamonds,1
Necklaces,1
Shop,1
eBay,1
Bridal,2
NP,3
RAISEAct,1
abc7now,3
jetteam,2
jewelryonetsy,1
pandora,2
CLEOPATRA,1
earrings,1
MotherofAllBomb,1
WORK,6
dts,2
JouwBaan,5
PUFF2,1
etsyretwt,1
under50,1
757577,1
cashforgold,1
BusinessIntelligence,1
malware,1
polyvoreStyle,1
blinds,1
bamboo,1
vouwgordijnen,1
Cineworldunlimited,1
30Inch,1
kindness,1
ArtDeco,1
Bigney,1
pocketwatch,1
Martingale,1
madeinusa,1
dogs,1
dogsoftwitterinstagram,1
cutedogs,1
lovepups,1
KOTD,1
WolfLove,1
TEXAS,1
SMFDTWO,1
DnD,1
midcentury,1
SayEaster,1
SOPHIAANDKATE,1
RDL,1
IoE,2
SupplyChainCentral,1
gotvintage,2
10K,1
Sterling,2
Lisburn,1
QOTD,1
762641,1
75757,1
757578,1
content,1
TGIF,1
GLS2017,1
coldchain,1
cursos,1
couponsale25,1
antique,1
busking,1
streettheatre,1
JRTVChat,1
762637,1
WTF,1
LilMan,1
Christmas,1
GiftsForHer,1
deforestation,1
RobertsWingz,2
diversity,1
Dehradun,1
MoneyAintAThang,1
goldbracelet,1
1Ok,1
EasterWeekend,2
dolphindays,1
womensleather,2
uklatehour,1
10k,1
BankBetter,2
LiveBetter,1
BankBetterLiveBetter,1
KeepsakeCremationUrns,1
8,1
Anklets,2
seattle,1
LethalWeapon,1
OR,2
SALEM,2
Avon,1
longnecklacewithpendant,1
IoT,1
InternetOfThings,2
UGH,1
Girls,2
BallandChain,1
MLK,1
yumyum,1
etsysocial,1
etsyclub,1
14k,1
necklaces,1
silver,3
valentinesday,1
luxury,1
pandemic,1
ibm,1
iot,2
SCLF2017,1
roadshoe,1
goldnecklace,1
ATsocialmedia,2
Novelty,1
NUSLHealth17,1
EDC,1
jobsearch,1
careers,3
aesthetic,1
tumblr,1
etsymtl,1
Magicians,1
job,2
rainbow,1
bohostyle,1
jewelrygift,1
itsthelittlethings,1
NavyBlackBracelet,1
NedTrain,2
FashionMagpieJewels,1
kprs,1
bestgiftever,1
academicsamplepapers,1
essaywritinghelp,1
freeessaysonline,1
generalessays,1
1980s,1
countmein,1
MusicBelongsEverywhere,1
Sequins,1
Bag,1
GotVintage,2
helluva,1
Steampunk,1
worldfamousparkwood,1
Bollywood,1
tenu,1
NotGuilty,1
Gang,1
toronto,1
Murfreesboro,1
TN,1
retweet,1
TG,1
DigitalIndia,1
Transport,1
software,1
solutions,1
supply,1
b2b,1
streetcredit,1
hiphopnews,1
Yasynuvata,1
ATB,1
Midvale,1
Bossip,1
1142019,1
FCPDRECAP,2
fairfaxpolice,1
giftsforher,1
glasses,1
VidiVenic,1
viral,1
Accessorize,1
NecklacePendant,1
Dallas,1
GoodFriday,2
medieval,1
backyard,1
oasis,1
DAMN,1
quoteoftheday,1
LucasFilm,1
logtech,1
AskSynema,1
Trump2016,1
OK,2
ARROW,1
Bracelet,4
BritHour,1
SmallBiz,1
sbutd,1
atsocialmediart,1
atsocial,1
tweetuk,1
eshopsuk,2
smm,1
7,2
CubicZirconia,1
8mm,1
ICDSessions,1
onychomycosis,1
ICD2017,1
Congress,1
Dermatology,1
dermatologia,1
ComplexLive,1
chilliwack,1
dairy,1
Wiberlux,1
cybersecurity,1
privacy,1
Shopify,1
Personalized,1
SCaaS,1
fluidpower,1
FPTC2017,1
StandingRock,1
UnitedWeStand,1
ArkievaSCT,1
VideoBreak,1
fishy,1
cycling,1
deals,1
charmbracelet,2
LeBronSong,1
HPEDiscover,1
Kindergarten,1
velvet,1
gold,1
driverlesscars,1
tinkerfest,1
Religious,2
etsyhandmade,2
easteregg,1
Roland,1
TB303,1
acid,1
resist,1
FBIDirectorComey,1
ComeyLetter,1
VanRWE,1
Ballyclare,1
Doors,1
JimMorrison,1
FunFactFriday,1
sweetandsavorypi,1
local,1
topemployers,1
BismarckButiTribe,1
Buti,1
etsyspecialt,1
specialgift,1
MakeProcurementAwesome,1
ICYMI,1
SAPAribaLive,1
pearls,1
beads,1
boho,2
sunglasses,2
uksopro,1
uksmallbiz,1
onlinecraft,1
saupo2017,2
in,2
AUCTION,1
BankingJobs,1
FinTechJobs,1
80s,1
Larne,1
purpleearrings,1
HITworks,1
Toronto,2
HipHop,2
furniture,1
steampunk,1
StudDangleEarrings,1
immigration,1
HookEm,1
TPM,1
Loser,1
PayYourDebts,1
catlovers,1
DataBreach,1
sacrifice,1
Prayer,1
sanjose,1
nuclear,1
BellyBomber,1
WhiteCastle,1
lar,1
B2B,1
API,1
DowntownSac,1
DesignedByAudrey,2
TieTack,2
GMO,1
chainlinkferry,1
studland,1
shellbay,1
sandbanks,1
GoDo,1
giftforher,1
logistics,1
2chainz,1
FallHolidaze,1
Silvertone,1
TLHWEEKEND,1
KRPKAB,1
st,1
etsyaaa,1
Office,1
Products,1
labrador,1
labradorbelt,1
Minerals,1
inventory,1
BlueJohn,1
OEM,1
Batman,1
FamilyAM,1
POCPubLuv,1
deezer,1
Albuquerque,1
NM,1
makeafilmabsolutelyfabulous,1
DRIVING,1
MILWAUKEE,1
Raqqa,1
DnvrLostFound,1
Wearethepeasefm,1
NYC,1
DMV,1
Education,2
shop,1
hack,1
hacker,1
Artisan,1
boulangerie,1
uGospelRadio,1
PediPath,1
NCHpath,1
locket,1
DoubleBracelet,1
digitaltransformation,1
Shutterstock,1
MTtalk,2
LALYTES,1
CIO,1
analytics,1
ScatteredSmotheredCovered,1
WafflesAllDay,1
Western,1
hurt,1
anger,1
oppression,1
RevVeronicaMcAlpine,1
algorithms,1
teamlove,1
KuchRangPyarKeAiseBhi,1
scm,1
lean,1
sap,1
york,1
CR,1
Innovation,1
Accelerator,1
plugin,1
key,2
DIY,1
BizHour,1
sublimation,1
trucking,1
GoldRisingMoonTreeOfLifeNecklace,1
Instagram,1
TrendyJewelry,1
15,1
EASTER,1
officesupportjobs,2
suffolk,2
MakeAFilmAbsolutelyFabulous,1
rosarybeads,1
religious,1
JudithRipka,1
GURHAN,1
poultry,1
MFG,1
FollowChain,1
FolloForFolloBack,1
HappyEaster,1
biz,1
heatpress,1
Ow,1
cannabis,1
RRN,1
trends,1
chanel,1
handbag,1
blackisbeautiful,1
USChampion,1
WWEUniverse,1
NeverGiveUp,1
Pendant,1
Stoneberri,1
Cream,1
TimeToClimb,1
HearthStone,1
AdvancedAnalytics,1
Warcraft,1
punkoclock,1
BANANA,1
MIX,1
NECK,1
NewVideo,1
eGrocery,1
STORESmag,1
OM,1
StrategicCFO,1
coachellaweekend2,1
Star,1
follow,1
twitter,1
Glyphosate,1
upcycle,1
telecaster,1
fender,1
metalart,1
beaded,1
eyeglass,1
lanyard,1
turquoise,1
copper,1
WatsonSupplyChain,1
gifts,1
prezzie,1
foodsafety,1
GoBeyond,1
worldmusic,1
happynewyear,2
coaching,1
diy,1
doityourself,1
fixit,1
worththeshot,1
whynot,1
Feliz2017,1
DomingoDeGanarSiguidores,1
SIGUEMEYTESIGO,1
slapnutzradio,2
Akash_Afridi,2
Pa,2
2017,2
Projects,1
Books,1
astral,1
yoga,1
guru,1
zen,1
akasha,1
NewProfilePic,1
AkashicWisdom,1
SelfImprovement,1
familyfirst,1
Peace,1
Akasha,8
annualtradition,1
spillsandsplats,1
shesdetermined,1
quicklearner,1
MooooltoSexy,1
playslack,1
android,1
CANvsUSA,1
WorldJuniors,1
BigPlay,1
FanArt,1
Pakistan,1
school,1
AKASHA,2
BVI,1
luxuryyacht,1
sailingvacation,1
HappyBirthdayAkhunzada,1
HBDAjmalKhanWazir,1
bigpicture,1
guardian,1
Abraxas,1
GothicArts,2
GothicClothing,1
GothicBeauty,2
bigtits,1
JonSnow,1
BBCagainstCPEC,4
2016bestnine,1
feliz2017,1
Novit,2
Meditazione,2
Focalizzazione,2
newyear,1
growler,1
RunningProjectCanarias,1
imworthmore,1
GothicWallpapers,1
worldsgreatestcity,1
iHeartRadio,1
Guru,1
Brahmananda,1
passion,1
YouCanDoIt,1
FF,1
Bestsellers,2
Angeli,2
SpiritiGuida,2
Medianit,2
